[
  {
    "description": "",
    "elements": [
      {
        "description": "",
        "id": "get-the-first-7-articles-names-and-top-5-'bottom-performers'-from-market-watch-portal;get-the-first-7-artcical-names-from-'market-watch'",
        "keyword": "Scenario",
        "line": 7,
        "name": "Get the first 7 Artcical names from 'Market Watch'",
        "steps": [
          {
            "keyword": "Before",
            "hidden": true,
            "result": {
              "status": "passed",
              "duration": 1057291100
            }
          },
          {
            "arguments": [],
            "keyword": "Given ",
            "line": 4,
            "name": "User Navigates to the Portal",
            "match": {
              "location": "src\\test\\steps\\retrive_marketwatch_data.steps.ts:38"
            },
            "result": {
              "status": "passed",
              "duration": 5171487800
            }
          },
          {
            "arguments": [],
            "keyword": "When ",
            "line": 8,
            "name": "User clicks on Market Watch tab",
            "match": {
              "location": "src\\test\\steps\\retrive_marketwatch_data.steps.ts:98"
            },
            "result": {
              "status": "failed",
              "duration": 959100,
              "error_message": "TypeError: page.frameLocator is not a function\n    at World.<anonymous> (C:\\Users\\44745\\Desktop\\Workspace\\play-ts-cucumber\\src\\test\\steps\\retrive_marketwatch_data.steps.ts:99:14)"
            }
          },
          {
            "arguments": [],
            "keyword": "Then ",
            "line": 9,
            "name": "Print first 7 Artical names in console",
            "match": {
              "location": "src\\test\\steps\\retrive_marketwatch_data.steps.ts:103"
            },
            "result": {
              "status": "skipped",
              "duration": 0
            }
          }
        ],
        "tags": [],
        "type": "scenario"
      }
    ],
    "id": "get-the-first-7-articles-names-and-top-5-'bottom-performers'-from-market-watch-portal",
    "line": 1,
    "keyword": "Feature",
    "name": "Get the first 7 articles Names and top 5 'Bottom Performers' from Market Watch portal",
    "tags": [],
    "uri": "src\\test\\features\\marketwatch.feature"
  }
]